periodo,tipo_comision,especialidad,documento,nro_original,municipalidad,municipalidad_orden_en_fila,municipalidades_en_fila,es_fila_desagregada,municipalidades_original,titular_1_cip,titular_1_nombre,titular_2_cip,titular_2_nombre,alterno_cip,alterno_nombre,source_url,observaciones
SEPTIEMBRE 2025 A AGOSTO 2026,HABILITACION URBANA,INGENIERIA CIVIL,Comisiones Técnicas Calificadoras de Proyectos de Habilitación Urbana - Delegados titulares y alternos,1,CERCADO DE LIMA,1,1,FALSE,CERCADO DE LIMA,163222,VARGAS MENDIVIL DIEGO ARTURO,,,91616,LAZO MUÑOZ JULIO CESAR,https://cam.ciplima.org.pe/wp-content/uploads/2025/08/Comisi%C3%B3n%20T%C3%A9cnica%20de%20-%20Habilitaciones%20Urbanas.pdf,
SEPTIEMBRE 2025 A AGOSTO 2026,HABILITACION URBANA,INGENIERIA CIVIL,Comisiones Técnicas Calificadoras de Proyectos de Habilitación Urbana - Delegados titulares y alternos,1-1,CENTRO HISTORICO,1,1,FALSE,CENTRO HISTORICO,69692,ACOSTA QUINECHE MIGUEL ANGEL,,,91616,LAZO MUÑOZ JULIO CESAR,https://cam.ciplima.org.pe/wp-content/uploads/2025/08/Comisi%C3%B3n%20T%C3%A9cnica%20de%20-%20Habilitaciones%20Urbanas.pdf,
SEPTIEMBRE 2025 A AGOSTO 2026,HABILITACION URBANA,INGENIERIA CIVIL,Comisiones Técnicas Calificadoras de Proyectos de Habilitación Urbana - Delegados titulares y alternos,1-2,COMISION AD HOC,1,1,FALSE,COMISION AD HOC,163222,VARGAS MENDIVIL DIEGO ARTURO,,,69692,ACOSTA QUINECHE MIGUEL ANGEL,https://cam.ciplima.org.pe/wp-content/uploads/2025/08/Comisi%C3%B3n%20T%C3%A9cnica%20de%20-%20Habilitaciones%20Urbanas.pdf,
SEPTIEMBRE 2025 A AGOSTO 2026,HABILITACION URBANA,INGENIERIA CIVIL,Comisiones Técnicas Calificadoras de Proyectos de Habilitación Urbana - Delegados titulares y alternos,2,ANCON,1,1,FALSE,ANCON,69692,ACOSTA QUINECHE MIGUEL ANGEL,,,91616,LAZO MUÑOZ JULIO CESAR,https://cam.ciplima.org.pe/wp-content/uploads/2025/08/Comisi%C3%B3n%20T%C3%A9cnica%20de%20-%20Habilitaciones%20Urbanas.pdf,
SEPTIEMBRE 2025 A AGOSTO 2026,HABILITACION URBANA,INGENIERIA CIVIL,Comisiones Técnicas Calificadoras de Proyectos de Habilitación Urbana - Delegados titulares y alternos,3,ATE VITARTE,1,1,FALSE,ATE VITARTE,69692,ACOSTA QUINECHE MIGUEL ANGEL,,,163222,VARGAS MENDIVIL DIEGO ARTURO,https://cam.ciplima.org.pe/wp-content/uploads/2025/08/Comisi%C3%B3n%20T%C3%A9cnica%20de%20-%20Habilitaciones%20Urbanas.pdf,
SEPTIEMBRE 2025 A AGOSTO 2026,HABILITACION URBANA,INGENIERIA CIVIL,Comisiones Técnicas Calificadoras de Proyectos de Habilitación Urbana - Delegados titulares y alternos,4,BARRANCO,1,1,FALSE,BARRANCO,163222,VARGAS MENDIVIL DIEGO ARTURO,,,118318,TARAZONA ESTRADA LUIS ALBERTO,https://cam.ciplima.org.pe/wp-content/uploads/2025/08/Comisi%C3%B3n%20T%C3%A9cnica%20de%20-%20Habilitaciones%20Urbanas.pdf,
SEPTIEMBRE 2025 A AGOSTO 2026,HABILITACION URBANA,INGENIERIA CIVIL,Comisiones Técnicas Calificadoras de Proyectos de Habilitación Urbana - Delegados titulares y alternos,5,BREÑA,1,1,FALSE,BREÑA,63986,MEJIA AZAÑERO JESSICA LUCILA,,,69692,ACOSTA QUINECHE MIGUEL ANGEL,https://cam.ciplima.org.pe/wp-content/uploads/2025/08/Comisi%C3%B3n%20T%C3%A9cnica%20de%20-%20Habilitaciones%20Urbanas.pdf,
SEPTIEMBRE 2025 A AGOSTO 2026,HABILITACION URBANA,INGENIERIA CIVIL,Comisiones Técnicas Calificadoras de Proyectos de Habilitación Urbana - Delegados titulares y alternos,6,CARABAYLLO,1,1,FALSE,CARABAYLLO,18356,LAZO MAYORCA LUIS ENRIQUE,,,22414,RODRIGUEZ MONTANI MARTHA ELENA,https://cam.ciplima.org.pe/wp-content/uploads/2025/08/Comisi%C3%B3n%20T%C3%A9cnica%20de%20-%20Habilitaciones%20Urbanas.pdf,
SEPTIEMBRE 2025 A AGOSTO 2026,HABILITACION URBANA,INGENIERIA CIVIL,Comisiones Técnicas Calificadoras de Proyectos de Habilitación Urbana - Delegados titulares y alternos,7,COMAS,1,1,FALSE,COMAS,62895,LAZO MUÑOZ ELIZABETH LUZMILA,,,59197,BABILONIA AREVALO OTTO,https://cam.ciplima.org.pe/wp-content/uploads/2025/08/Comisi%C3%B3n%20T%C3%A9cnica%20de%20-%20Habilitaciones%20Urbanas.pdf,
SEPTIEMBRE 2025 A AGOSTO 2026,HABILITACION URBANA,INGENIERIA CIVIL,Comisiones Técnicas Calificadoras de Proyectos de Habilitación Urbana - Delegados titulares y alternos,8,CHACLACAYO,1,1,FALSE,CHACLACAYO,59197,BABILONIA AREVALO OTTO,,,91616,LAZO MUÑOZ JULIO CESAR,https://cam.ciplima.org.pe/wp-content/uploads/2025/08/Comisi%C3%B3n%20T%C3%A9cnica%20de%20-%20Habilitaciones%20Urbanas.pdf,
SEPTIEMBRE 2025 A AGOSTO 2026,HABILITACION URBANA,INGENIERIA CIVIL,Comisiones Técnicas Calificadoras de Proyectos de Habilitación Urbana - Delegados titulares y alternos,9,CHORRILLOS,1,1,FALSE,CHORRILLOS,62895,LAZO MUÑOZ ELIZABETH LUZMILA,,,69692,ACOSTA QUINECHE MIGUEL ANGEL,https://cam.ciplima.org.pe/wp-content/uploads/2025/08/Comisi%C3%B3n%20T%C3%A9cnica%20de%20-%20Habilitaciones%20Urbanas.pdf,
SEPTIEMBRE 2025 A AGOSTO 2026,HABILITACION URBANA,INGENIERIA CIVIL,Comisiones Técnicas Calificadoras de Proyectos de Habilitación Urbana - Delegados titulares y alternos,10,EL AGUSTINO,1,1,FALSE,EL AGUSTINO,69692,ACOSTA QUINECHE MIGUEL ANGEL,,,82702,DIAZ SILVA CARLOS DAVID,https://cam.ciplima.org.pe/wp-content/uploads/2025/08/Comisi%C3%B3n%20T%C3%A9cnica%20de%20-%20Habilitaciones%20Urbanas.pdf,
SEPTIEMBRE 2025 A AGOSTO 2026,HABILITACION URBANA,INGENIERIA CIVIL,Comisiones Técnicas Calificadoras de Proyectos de Habilitación Urbana - Delegados titulares y alternos,11,JESUS MARIA,1,1,FALSE,JESUS MARIA,24657,ULLOA LLERENA BEDER FELIPE,,,82702,DIAZ SILVA CARLOS DAVID,https://cam.ciplima.org.pe/wp-content/uploads/2025/08/Comisi%C3%B3n%20T%C3%A9cnica%20de%20-%20Habilitaciones%20Urbanas.pdf,
SEPTIEMBRE 2025 A AGOSTO 2026,HABILITACION URBANA,INGENIERIA CIVIL,Comisiones Técnicas Calificadoras de Proyectos de Habilitación Urbana - Delegados titulares y alternos,12,LA MOLINA,1,1,FALSE,LA MOLINA,59197,BABILONIA AREVALO OTTO,,,118318,TARAZONA ESTRADA LUIS ALBERTO,https://cam.ciplima.org.pe/wp-content/uploads/2025/08/Comisi%C3%B3n%20T%C3%A9cnica%20de%20-%20Habilitaciones%20Urbanas.pdf,
SEPTIEMBRE 2025 A AGOSTO 2026,HABILITACION URBANA,INGENIERIA CIVIL,Comisiones Técnicas Calificadoras de Proyectos de Habilitación Urbana - Delegados titulares y alternos,13,LA VICTORIA,1,1,FALSE,LA VICTORIA,163222,VARGAS MENDIVIL DIEGO ARTURO,,,24657,ULLOA LLERENA BEDER FELIPE,https://cam.ciplima.org.pe/wp-content/uploads/2025/08/Comisi%C3%B3n%20T%C3%A9cnica%20de%20-%20Habilitaciones%20Urbanas.pdf,
SEPTIEMBRE 2025 A AGOSTO 2026,HABILITACION URBANA,INGENIERIA CIVIL,Comisiones Técnicas Calificadoras de Proyectos de Habilitación Urbana - Delegados titulares y alternos,14,LINCE,1,1,FALSE,LINCE,24657,ULLOA LLERENA BEDER FELIPE,,,59197,BABILONIA AREVALO OTTO,https://cam.ciplima.org.pe/wp-content/uploads/2025/08/Comisi%C3%B3n%20T%C3%A9cnica%20de%20-%20Habilitaciones%20Urbanas.pdf,
SEPTIEMBRE 2025 A AGOSTO 2026,HABILITACION URBANA,INGENIERIA CIVIL,Comisiones Técnicas Calificadoras de Proyectos de Habilitación Urbana - Delegados titulares y alternos,15,LURIGANCHO – CHOSICA,1,1,FALSE,LURIGANCHO – CHOSICA,22414,RODRIGUEZ MONTANI MARTHA ELENA,,,163222,VARGAS MENDIVIL DIEGO ARTURO,https://cam.ciplima.org.pe/wp-content/uploads/2025/08/Comisi%C3%B3n%20T%C3%A9cnica%20de%20-%20Habilitaciones%20Urbanas.pdf,
SEPTIEMBRE 2025 A AGOSTO 2026,HABILITACION URBANA,INGENIERIA CIVIL,Comisiones Técnicas Calificadoras de Proyectos de Habilitación Urbana - Delegados titulares y alternos,15-1,SANTA MARIA DE HUACHIPA,1,1,FALSE,SANTA MARIA DE HUACHIPA,22414,RODRIGUEZ MONTANI MARTHA ELENA,,,118318,TARAZONA ESTRADA LUIS ALBERTO,https://cam.ciplima.org.pe/wp-content/uploads/2025/08/Comisi%C3%B3n%20T%C3%A9cnica%20de%20-%20Habilitaciones%20Urbanas.pdf,
SEPTIEMBRE 2025 A AGOSTO 2026,HABILITACION URBANA,INGENIERIA CIVIL,Comisiones Técnicas Calificadoras de Proyectos de Habilitación Urbana - Delegados titulares y alternos,16,LURIN,1,1,FALSE,LURIN,22414,RODRIGUEZ MONTANI MARTHA ELENA,,,63986,MEJIA AZAÑERO JESSICA LUCILA,https://cam.ciplima.org.pe/wp-content/uploads/2025/08/Comisi%C3%B3n%20T%C3%A9cnica%20de%20-%20Habilitaciones%20Urbanas.pdf,
SEPTIEMBRE 2025 A AGOSTO 2026,HABILITACION URBANA,INGENIERIA CIVIL,Comisiones Técnicas Calificadoras de Proyectos de Habilitación Urbana - Delegados titulares y alternos,17,MAGDALENA DEL MAR,1,1,FALSE,MAGDALENA DEL MAR,163222,VARGAS MENDIVIL DIEGO ARTURO,,,69692,ACOSTA QUINECHE MIGUEL ANGEL,https://cam.ciplima.org.pe/wp-content/uploads/2025/08/Comisi%C3%B3n%20T%C3%A9cnica%20de%20-%20Habilitaciones%20Urbanas.pdf,
SEPTIEMBRE 2025 A AGOSTO 2026,HABILITACION URBANA,INGENIERIA CIVIL,Comisiones Técnicas Calificadoras de Proyectos de Habilitación Urbana - Delegados titulares y alternos,18,MIRAFLORES,1,1,FALSE,MIRAFLORES,82702,DIAZ SILVA CARLOS DAVID,,,118318,TARAZONA ESTRADA LUIS ALBERTO,https://cam.ciplima.org.pe/wp-content/uploads/2025/08/Comisi%C3%B3n%20T%C3%A9cnica%20de%20-%20Habilitaciones%20Urbanas.pdf,
SEPTIEMBRE 2025 A AGOSTO 2026,HABILITACION URBANA,INGENIERIA CIVIL,Comisiones Técnicas Calificadoras de Proyectos de Habilitación Urbana - Delegados titulares y alternos,19,PACHACAMAC,1,1,FALSE,PACHACAMAC,91616,LAZO MUÑOZ JULIO CESAR,,,22414,RODRIGUEZ MONTANI MARTHA ELENA,https://cam.ciplima.org.pe/wp-content/uploads/2025/08/Comisi%C3%B3n%20T%C3%A9cnica%20de%20-%20Habilitaciones%20Urbanas.pdf,
SEPTIEMBRE 2025 A AGOSTO 2026,HABILITACION URBANA,INGENIERIA CIVIL,Comisiones Técnicas Calificadoras de Proyectos de Habilitación Urbana - Delegados titulares y alternos,20,PUCUSANA,1,1,FALSE,PUCUSANA,118318,TARAZONA ESTRADA LUIS ALBERTO,,,63986,MEJIA AZAÑERO JESSICA LUCILA,https://cam.ciplima.org.pe/wp-content/uploads/2025/08/Comisi%C3%B3n%20T%C3%A9cnica%20de%20-%20Habilitaciones%20Urbanas.pdf,
SEPTIEMBRE 2025 A AGOSTO 2026,HABILITACION URBANA,INGENIERIA CIVIL,Comisiones Técnicas Calificadoras de Proyectos de Habilitación Urbana - Delegados titulares y alternos,21,PUEBLO LIBRE,1,1,FALSE,PUEBLO LIBRE,82702,DIAZ SILVA CARLOS DAVID,,,24657,ULLOA LLERENA BEDER FELIPE,https://cam.ciplima.org.pe/wp-content/uploads/2025/08/Comisi%C3%B3n%20T%C3%A9cnica%20de%20-%20Habilitaciones%20Urbanas.pdf,
SEPTIEMBRE 2025 A AGOSTO 2026,HABILITACION URBANA,INGENIERIA CIVIL,Comisiones Técnicas Calificadoras de Proyectos de Habilitación Urbana - Delegados titulares y alternos,22,PUENTE PIEDRA,1,1,FALSE,PUENTE PIEDRA,18356,LAZO MAYORCA LUIS ENRIQUE,,,91616,LAZO MUÑOZ JULIO CESAR,https://cam.ciplima.org.pe/wp-content/uploads/2025/08/Comisi%C3%B3n%20T%C3%A9cnica%20de%20-%20Habilitaciones%20Urbanas.pdf,
SEPTIEMBRE 2025 A AGOSTO 2026,HABILITACION URBANA,INGENIERIA CIVIL,Comisiones Técnicas Calificadoras de Proyectos de Habilitación Urbana - Delegados titulares y alternos,23,PUNTA NEGRA,1,1,FALSE,PUNTA NEGRA,91616,LAZO MUÑOZ JULIO CESAR,,,22414,RODRIGUEZ MONTANI MARTHA ELENA,https://cam.ciplima.org.pe/wp-content/uploads/2025/08/Comisi%C3%B3n%20T%C3%A9cnica%20de%20-%20Habilitaciones%20Urbanas.pdf,
SEPTIEMBRE 2025 A AGOSTO 2026,HABILITACION URBANA,INGENIERIA CIVIL,Comisiones Técnicas Calificadoras de Proyectos de Habilitación Urbana - Delegados titulares y alternos,24,PUNTA HERMOSA,1,1,FALSE,PUNTA HERMOSA,22414,RODRIGUEZ MONTANI MARTHA ELENA,,,82702,DIAZ SILVA CARLOS DAVID,https://cam.ciplima.org.pe/wp-content/uploads/2025/08/Comisi%C3%B3n%20T%C3%A9cnica%20de%20-%20Habilitaciones%20Urbanas.pdf,
SEPTIEMBRE 2025 A AGOSTO 2026,HABILITACION URBANA,INGENIERIA CIVIL,Comisiones Técnicas Calificadoras de Proyectos de Habilitación Urbana - Delegados titulares y alternos,25,RIMAC,1,1,FALSE,RIMAC,69692,ACOSTA QUINECHE MIGUEL ANGEL,,,163222,VARGAS MENDIVIL DIEGO ARTURO,https://cam.ciplima.org.pe/wp-content/uploads/2025/08/Comisi%C3%B3n%20T%C3%A9cnica%20de%20-%20Habilitaciones%20Urbanas.pdf,
SEPTIEMBRE 2025 A AGOSTO 2026,HABILITACION URBANA,INGENIERIA CIVIL,Comisiones Técnicas Calificadoras de Proyectos de Habilitación Urbana - Delegados titulares y alternos,26,SAN BARTOLO,1,1,FALSE,SAN BARTOLO,118318,TARAZONA ESTRADA LUIS ALBERTO,,,62895,LAZO MUÑOZ ELIZABETH LUZMILA,https://cam.ciplima.org.pe/wp-content/uploads/2025/08/Comisi%C3%B3n%20T%C3%A9cnica%20de%20-%20Habilitaciones%20Urbanas.pdf,
SEPTIEMBRE 2025 A AGOSTO 2026,HABILITACION URBANA,INGENIERIA CIVIL,Comisiones Técnicas Calificadoras de Proyectos de Habilitación Urbana - Delegados titulares y alternos,27,SAN ISIDRO,1,1,FALSE,SAN ISIDRO,63986,MEJIA AZAÑERO JESSICA LUCILA,,,91616,LAZO MUÑOZ JULIO CESAR,https://cam.ciplima.org.pe/wp-content/uploads/2025/08/Comisi%C3%B3n%20T%C3%A9cnica%20de%20-%20Habilitaciones%20Urbanas.pdf,
SEPTIEMBRE 2025 A AGOSTO 2026,HABILITACION URBANA,INGENIERIA CIVIL,Comisiones Técnicas Calificadoras de Proyectos de Habilitación Urbana - Delegados titulares y alternos,28,INDEPENDENCIA,1,1,FALSE,INDEPENDENCIA,24657,ULLOA LLERENA BEDER FELIPE,,,69692,ACOSTA QUINECHE MIGUEL ANGEL,https://cam.ciplima.org.pe/wp-content/uploads/2025/08/Comisi%C3%B3n%20T%C3%A9cnica%20de%20-%20Habilitaciones%20Urbanas.pdf,
SEPTIEMBRE 2025 A AGOSTO 2026,HABILITACION URBANA,INGENIERIA CIVIL,Comisiones Técnicas Calificadoras de Proyectos de Habilitación Urbana - Delegados titulares y alternos,29,SAN JUAN DE MIRAFLORES,1,1,FALSE,SAN JUAN DE MIRAFLORES,82702,DIAZ SILVA CARLOS DAVID,,,163222,VARGAS MENDIVIL DIEGO ARTURO,https://cam.ciplima.org.pe/wp-content/uploads/2025/08/Comisi%C3%B3n%20T%C3%A9cnica%20de%20-%20Habilitaciones%20Urbanas.pdf,
SEPTIEMBRE 2025 A AGOSTO 2026,HABILITACION URBANA,INGENIERIA CIVIL,Comisiones Técnicas Calificadoras de Proyectos de Habilitación Urbana - Delegados titulares y alternos,30,SAN LUIS,1,1,FALSE,SAN LUIS,63986,MEJIA AZAÑERO JESSICA LUCILA,,,82702,DIAZ SILVA CARLOS DAVID,https://cam.ciplima.org.pe/wp-content/uploads/2025/08/Comisi%C3%B3n%20T%C3%A9cnica%20de%20-%20Habilitaciones%20Urbanas.pdf,
SEPTIEMBRE 2025 A AGOSTO 2026,HABILITACION URBANA,INGENIERIA CIVIL,Comisiones Técnicas Calificadoras de Proyectos de Habilitación Urbana - Delegados titulares y alternos,31,SAN MARTIN DE PORRES,1,1,FALSE,SAN MARTIN DE PORRES,91616,LAZO MUÑOZ JULIO CESAR,,,69692,ACOSTA QUINECHE MIGUEL ANGEL,https://cam.ciplima.org.pe/wp-content/uploads/2025/08/Comisi%C3%B3n%20T%C3%A9cnica%20de%20-%20Habilitaciones%20Urbanas.pdf,
SEPTIEMBRE 2025 A AGOSTO 2026,HABILITACION URBANA,INGENIERIA CIVIL,Comisiones Técnicas Calificadoras de Proyectos de Habilitación Urbana - Delegados titulares y alternos,32,SAN MIGUEL,1,1,FALSE,SAN MIGUEL,24657,ULLOA LLERENA BEDER FELIPE,,,22414,RODRIGUEZ MONTANI MARTHA ELENA,https://cam.ciplima.org.pe/wp-content/uploads/2025/08/Comisi%C3%B3n%20T%C3%A9cnica%20de%20-%20Habilitaciones%20Urbanas.pdf,
SEPTIEMBRE 2025 A AGOSTO 2026,HABILITACION URBANA,INGENIERIA CIVIL,Comisiones Técnicas Calificadoras de Proyectos de Habilitación Urbana - Delegados titulares y alternos,33,SANTIAGO DE SURCO,1,1,FALSE,SANTIAGO DE SURCO,59197,BABILONIA AREVALO OTTO,,,118318,TARAZONA ESTRADA LUIS ALBERTO,https://cam.ciplima.org.pe/wp-content/uploads/2025/08/Comisi%C3%B3n%20T%C3%A9cnica%20de%20-%20Habilitaciones%20Urbanas.pdf,
SEPTIEMBRE 2025 A AGOSTO 2026,HABILITACION URBANA,INGENIERIA CIVIL,Comisiones Técnicas Calificadoras de Proyectos de Habilitación Urbana - Delegados titulares y alternos,34,SURQUILLO,1,1,FALSE,SURQUILLO,63986,MEJIA AZAÑERO JESSICA LUCILA,,,59197,BABILONIA AREVALO OTTO,https://cam.ciplima.org.pe/wp-content/uploads/2025/08/Comisi%C3%B3n%20T%C3%A9cnica%20de%20-%20Habilitaciones%20Urbanas.pdf,
SEPTIEMBRE 2025 A AGOSTO 2026,HABILITACION URBANA,INGENIERIA CIVIL,Comisiones Técnicas Calificadoras de Proyectos de Habilitación Urbana - Delegados titulares y alternos,35,VILLA MARIA DEL TRIUNFO,1,1,FALSE,VILLA MARIA DEL TRIUNFO,22414,RODRIGUEZ MONTANI MARTHA ELENA,,,91616,LAZO MUÑOZ JULIO CESAR,https://cam.ciplima.org.pe/wp-content/uploads/2025/08/Comisi%C3%B3n%20T%C3%A9cnica%20de%20-%20Habilitaciones%20Urbanas.pdf,
SEPTIEMBRE 2025 A AGOSTO 2026,HABILITACION URBANA,INGENIERIA CIVIL,Comisiones Técnicas Calificadoras de Proyectos de Habilitación Urbana - Delegados titulares y alternos,36,SAN JUAN DE LURIGANCHO,1,1,FALSE,SAN JUAN DE LURIGANCHO,82702,DIAZ SILVA CARLOS DAVID,,,24657,ULLOA LLERENA BEDER FELIPE,https://cam.ciplima.org.pe/wp-content/uploads/2025/08/Comisi%C3%B3n%20T%C3%A9cnica%20de%20-%20Habilitaciones%20Urbanas.pdf,
SEPTIEMBRE 2025 A AGOSTO 2026,HABILITACION URBANA,INGENIERIA CIVIL,Comisiones Técnicas Calificadoras de Proyectos de Habilitación Urbana - Delegados titulares y alternos,37,SANTA MARIA DEL MAR,1,1,FALSE,SANTA MARIA DEL MAR,22414,RODRIGUEZ MONTANI MARTHA ELENA,,,24657,ULLOA LLERENA BEDER FELIPE,https://cam.ciplima.org.pe/wp-content/uploads/2025/08/Comisi%C3%B3n%20T%C3%A9cnica%20de%20-%20Habilitaciones%20Urbanas.pdf,
SEPTIEMBRE 2025 A AGOSTO 2026,HABILITACION URBANA,INGENIERIA CIVIL,Comisiones Técnicas Calificadoras de Proyectos de Habilitación Urbana - Delegados titulares y alternos,38,SANTA ROSA,1,1,FALSE,SANTA ROSA,24657,ULLOA LLERENA BEDER FELIPE,,,82702,DIAZ SILVA CARLOS DAVID,https://cam.ciplima.org.pe/wp-content/uploads/2025/08/Comisi%C3%B3n%20T%C3%A9cnica%20de%20-%20Habilitaciones%20Urbanas.pdf,
SEPTIEMBRE 2025 A AGOSTO 2026,HABILITACION URBANA,INGENIERIA CIVIL,Comisiones Técnicas Calificadoras de Proyectos de Habilitación Urbana - Delegados titulares y alternos,39,LOS OLIVOS,1,1,FALSE,LOS OLIVOS,59197,BABILONIA AREVALO OTTO,,,118318,TARAZONA ESTRADA LUIS ALBERTO,https://cam.ciplima.org.pe/wp-content/uploads/2025/08/Comisi%C3%B3n%20T%C3%A9cnica%20de%20-%20Habilitaciones%20Urbanas.pdf,
SEPTIEMBRE 2025 A AGOSTO 2026,HABILITACION URBANA,INGENIERIA CIVIL,Comisiones Técnicas Calificadoras de Proyectos de Habilitación Urbana - Delegados titulares y alternos,40,CIENEGUILLA,1,1,FALSE,CIENEGUILLA,163222,VARGAS MENDIVIL DIEGO ARTURO,,,62895,LAZO MUÑOZ ELIZABETH LUZMILA,https://cam.ciplima.org.pe/wp-content/uploads/2025/08/Comisi%C3%B3n%20T%C3%A9cnica%20de%20-%20Habilitaciones%20Urbanas.pdf,
SEPTIEMBRE 2025 A AGOSTO 2026,HABILITACION URBANA,INGENIERIA CIVIL,Comisiones Técnicas Calificadoras de Proyectos de Habilitación Urbana - Delegados titulares y alternos,41,SAN BORJA,1,1,FALSE,SAN BORJA,82702,DIAZ SILVA CARLOS DAVID,,,59197,BABILONIA AREVALO OTTO,https://cam.ciplima.org.pe/wp-content/uploads/2025/08/Comisi%C3%B3n%20T%C3%A9cnica%20de%20-%20Habilitaciones%20Urbanas.pdf,
SEPTIEMBRE 2025 A AGOSTO 2026,HABILITACION URBANA,INGENIERIA CIVIL,Comisiones Técnicas Calificadoras de Proyectos de Habilitación Urbana - Delegados titulares y alternos,42,VILLA EL SALVADOR,1,1,FALSE,VILLA EL SALVADOR,69692,ACOSTA QUINECHE MIGUEL ANGEL,,,63986,MEJIA AZAÑERO JESSICA LUCILA,https://cam.ciplima.org.pe/wp-content/uploads/2025/08/Comisi%C3%B3n%20T%C3%A9cnica%20de%20-%20Habilitaciones%20Urbanas.pdf,
SEPTIEMBRE 2025 A AGOSTO 2026,HABILITACION URBANA,INGENIERIA CIVIL,Comisiones Técnicas Calificadoras de Proyectos de Habilitación Urbana - Delegados titulares y alternos,43,SANTA ANITA,1,1,FALSE,SANTA ANITA,59197,BABILONIA AREVALO OTTO,,,24657,ULLOA LLERENA BEDER FELIPE,https://cam.ciplima.org.pe/wp-content/uploads/2025/08/Comisi%C3%B3n%20T%C3%A9cnica%20de%20-%20Habilitaciones%20Urbanas.pdf,
SEPTIEMBRE 2025 A AGOSTO 2026,HABILITACION URBANA,INGENIERIA CIVIL,Comisiones Técnicas Calificadoras de Proyectos de Habilitación Urbana - Delegados titulares y alternos,44,PROVINCIAL DE CAÑETE,1,1,FALSE,PROVINCIAL DE CAÑETE,91616,LAZO MUÑOZ JULIO CESAR,,,24657,ULLOA LLERENA BEDER FELIPE,https://cam.ciplima.org.pe/wp-content/uploads/2025/08/Comisi%C3%B3n%20T%C3%A9cnica%20de%20-%20Habilitaciones%20Urbanas.pdf,
SEPTIEMBRE 2025 A AGOSTO 2026,HABILITACION URBANA,INGENIERIA CIVIL,Comisiones Técnicas Calificadoras de Proyectos de Habilitación Urbana - Delegados titulares y alternos,45,SAN ANTONIO DE CAÑETE,1,1,FALSE,SAN ANTONIO DE CAÑETE,91616,LAZO MUÑOZ JULIO CESAR,,,22414,RODRIGUEZ MONTANI MARTHA ELENA,https://cam.ciplima.org.pe/wp-content/uploads/2025/08/Comisi%C3%B3n%20T%C3%A9cnica%20de%20-%20Habilitaciones%20Urbanas.pdf,
SEPTIEMBRE 2025 A AGOSTO 2026,HABILITACION URBANA,INGENIERIA CIVIL,Comisiones Técnicas Calificadoras de Proyectos de Habilitación Urbana - Delegados titulares y alternos,46,ASIA,1,1,FALSE,ASIA,62895,LAZO MUÑOZ ELIZABETH LUZMILA,,,22414,RODRIGUEZ MONTANI MARTHA ELENA,https://cam.ciplima.org.pe/wp-content/uploads/2025/08/Comisi%C3%B3n%20T%C3%A9cnica%20de%20-%20Habilitaciones%20Urbanas.pdf,
SEPTIEMBRE 2025 A AGOSTO 2026,HABILITACION URBANA,INGENIERIA CIVIL,Comisiones Técnicas Calificadoras de Proyectos de Habilitación Urbana - Delegados titulares y alternos,47,CERRO AZUL,1,1,FALSE,CERRO AZUL,62895,LAZO MUÑOZ ELIZABETH LUZMILA,,,163222,VARGAS MENDIVIL DIEGO ARTURO,https://cam.ciplima.org.pe/wp-content/uploads/2025/08/Comisi%C3%B3n%20T%C3%A9cnica%20de%20-%20Habilitaciones%20Urbanas.pdf,
SEPTIEMBRE 2025 A AGOSTO 2026,HABILITACION URBANA,INGENIERIA CIVIL,Comisiones Técnicas Calificadoras de Proyectos de Habilitación Urbana - Delegados titulares y alternos,48,LUNAHUANA,1,1,FALSE,LUNAHUANA,22414,RODRIGUEZ MONTANI MARTHA ELENA,,,62895,LAZO MUÑOZ ELIZABETH LUZMILA,https://cam.ciplima.org.pe/wp-content/uploads/2025/08/Comisi%C3%B3n%20T%C3%A9cnica%20de%20-%20Habilitaciones%20Urbanas.pdf,
SEPTIEMBRE 2025 A AGOSTO 2026,HABILITACION URBANA,INGENIERIA CIVIL,Comisiones Técnicas Calificadoras de Proyectos de Habilitación Urbana - Delegados titulares y alternos,49,MALA,1,1,FALSE,MALA,63986,MEJIA AZAÑERO JESSICA LUCILA,,,22414,RODRIGUEZ MONTANI MARTHA ELENA,https://cam.ciplima.org.pe/wp-content/uploads/2025/08/Comisi%C3%B3n%20T%C3%A9cnica%20de%20-%20Habilitaciones%20Urbanas.pdf,
SEPTIEMBRE 2025 A AGOSTO 2026,HABILITACION URBANA,INGENIERIA CIVIL,Comisiones Técnicas Calificadoras de Proyectos de Habilitación Urbana - Delegados titulares y alternos,50,CHILCA,1,1,FALSE,CHILCA,91616,LAZO MUÑOZ JULIO CESAR,,,18356,LAZO MAYORCA LUIS ENRIQUE,https://cam.ciplima.org.pe/wp-content/uploads/2025/08/Comisi%C3%B3n%20T%C3%A9cnica%20de%20-%20Habilitaciones%20Urbanas.pdf,
SEPTIEMBRE 2025 A AGOSTO 2026,HABILITACION URBANA,INGENIERIA CIVIL,Comisiones Técnicas Calificadoras de Proyectos de Habilitación Urbana - Delegados titulares y alternos,51,IMPERIAL,1,1,FALSE,IMPERIAL,18356,LAZO MAYORCA LUIS ENRIQUE,,,62895,LAZO MUÑOZ ELIZABETH LUZMILA,https://cam.ciplima.org.pe/wp-content/uploads/2025/08/Comisi%C3%B3n%20T%C3%A9cnica%20de%20-%20Habilitaciones%20Urbanas.pdf,
SEPTIEMBRE 2025 A AGOSTO 2026,HABILITACION URBANA,INGENIERIA CIVIL,Comisiones Técnicas Calificadoras de Proyectos de Habilitación Urbana - Delegados titulares y alternos,52,NUEVO IMPERIAL,1,1,FALSE,NUEVO IMPERIAL,62895,LAZO MUÑOZ ELIZABETH LUZMILA,,,18356,LAZO MAYORCA LUIS ENRIQUE,https://cam.ciplima.org.pe/wp-content/uploads/2025/08/Comisi%C3%B3n%20T%C3%A9cnica%20de%20-%20Habilitaciones%20Urbanas.pdf,
SEPTIEMBRE 2025 A AGOSTO 2026,HABILITACION URBANA,INGENIERIA CIVIL,Comisiones Técnicas Calificadoras de Proyectos de Habilitación Urbana - Delegados titulares y alternos,53,SAN LUIS DE CAÑETE,1,1,FALSE,SAN LUIS DE CAÑETE,24657,ULLOA LLERENA BEDER FELIPE,,,62895,LAZO MUÑOZ ELIZABETH LUZMILA,https://cam.ciplima.org.pe/wp-content/uploads/2025/08/Comisi%C3%B3n%20T%C3%A9cnica%20de%20-%20Habilitaciones%20Urbanas.pdf,
SEPTIEMBRE 2025 A AGOSTO 2026,HABILITACION URBANA,INGENIERIA CIVIL,Comisiones Técnicas Calificadoras de Proyectos de Habilitación Urbana - Delegados titulares y alternos,54,CALANGO,1,1,FALSE,CALANGO,91616,LAZO MUÑOZ JULIO CESAR,,,163222,VARGAS MENDIVIL DIEGO ARTURO,https://cam.ciplima.org.pe/wp-content/uploads/2025/08/Comisi%C3%B3n%20T%C3%A9cnica%20de%20-%20Habilitaciones%20Urbanas.pdf,
SEPTIEMBRE 2025 A AGOSTO 2026,HABILITACION URBANA,INGENIERIA CIVIL,Comisiones Técnicas Calificadoras de Proyectos de Habilitación Urbana - Delegados titulares y alternos,55,COAYLLO,1,1,FALSE,COAYLLO,62895,LAZO MUÑOZ ELIZABETH LUZMILA,,,82702,DIAZ SILVA CARLOS DAVID,https://cam.ciplima.org.pe/wp-content/uploads/2025/08/Comisi%C3%B3n%20T%C3%A9cnica%20de%20-%20Habilitaciones%20Urbanas.pdf,
SEPTIEMBRE 2025 A AGOSTO 2026,HABILITACION URBANA,INGENIERIA CIVIL,Comisiones Técnicas Calificadoras de Proyectos de Habilitación Urbana - Delegados titulares y alternos,56,PACARAN,1,1,FALSE,PACARAN,18356,LAZO MAYORCA LUIS ENRIQUE,,,59197,BABILONIA AREVALO OTTO,https://cam.ciplima.org.pe/wp-content/uploads/2025/08/Comisi%C3%B3n%20T%C3%A9cnica%20de%20-%20Habilitaciones%20Urbanas.pdf,
SEPTIEMBRE 2025 A AGOSTO 2026,HABILITACION URBANA,INGENIERIA CIVIL,Comisiones Técnicas Calificadoras de Proyectos de Habilitación Urbana - Delegados titulares y alternos,57,QUILMANA,1,1,FALSE,QUILMANA,24657,ULLOA LLERENA BEDER FELIPE,,,18356,LAZO MAYORCA LUIS ENRIQUE,https://cam.ciplima.org.pe/wp-content/uploads/2025/08/Comisi%C3%B3n%20T%C3%A9cnica%20de%20-%20Habilitaciones%20Urbanas.pdf,
SEPTIEMBRE 2025 A AGOSTO 2026,HABILITACION URBANA,INGENIERIA CIVIL,Comisiones Técnicas Calificadoras de Proyectos de Habilitación Urbana - Delegados titulares y alternos,58,SANTA CRUZ DE FLORES,1,1,FALSE,SANTA CRUZ DE FLORES,22414,RODRIGUEZ MONTANI MARTHA ELENA,,,69692,ACOSTA QUINECHE MIGUEL ANGEL,https://cam.ciplima.org.pe/wp-content/uploads/2025/08/Comisi%C3%B3n%20T%C3%A9cnica%20de%20-%20Habilitaciones%20Urbanas.pdf,
SEPTIEMBRE 2025 A AGOSTO 2026,HABILITACION URBANA,INGENIERIA CIVIL,Comisiones Técnicas Calificadoras de Proyectos de Habilitación Urbana - Delegados titulares y alternos,59,ZUÑIGA,1,1,FALSE,ZUÑIGA,59197,BABILONIA AREVALO OTTO,,,22414,RODRIGUEZ MONTANI MARTHA ELENA,https://cam.ciplima.org.pe/wp-content/uploads/2025/08/Comisi%C3%B3n%20T%C3%A9cnica%20de%20-%20Habilitaciones%20Urbanas.pdf,
SEPTIEMBRE 2025 A AGOSTO 2026,HABILITACION URBANA,INGENIERIA CIVIL,Comisiones Técnicas Calificadoras de Proyectos de Habilitación Urbana - Delegados titulares y alternos,60,HUARAL,1,1,FALSE,HUARAL,82702,DIAZ SILVA CARLOS DAVID,,,18356,LAZO MAYORCA LUIS ENRIQUE,https://cam.ciplima.org.pe/wp-content/uploads/2025/08/Comisi%C3%B3n%20T%C3%A9cnica%20de%20-%20Habilitaciones%20Urbanas.pdf,
SEPTIEMBRE 2025 A AGOSTO 2026,HABILITACION URBANA,INGENIERIA CIVIL,Comisiones Técnicas Calificadoras de Proyectos de Habilitación Urbana - Delegados titulares y alternos,61,CHANCAY,1,1,FALSE,CHANCAY,63986,MEJIA AZAÑERO JESSICA LUCILA,,,91616,LAZO MUÑOZ JULIO CESAR,https://cam.ciplima.org.pe/wp-content/uploads/2025/08/Comisi%C3%B3n%20T%C3%A9cnica%20de%20-%20Habilitaciones%20Urbanas.pdf,
SEPTIEMBRE 2025 A AGOSTO 2026,HABILITACION URBANA,INGENIERIA CIVIL,Comisiones Técnicas Calificadoras de Proyectos de Habilitación Urbana - Delegados titulares y alternos,62,IHUARI,1,1,FALSE,IHUARI,82702,DIAZ SILVA CARLOS DAVID,,,18356,LAZO MAYORCA LUIS ENRIQUE,https://cam.ciplima.org.pe/wp-content/uploads/2025/08/Comisi%C3%B3n%20T%C3%A9cnica%20de%20-%20Habilitaciones%20Urbanas.pdf,
SEPTIEMBRE 2025 A AGOSTO 2026,HABILITACION URBANA,INGENIERIA CIVIL,Comisiones Técnicas Calificadoras de Proyectos de Habilitación Urbana - Delegados titulares y alternos,63,SUMBILCA,1,1,FALSE,SUMBILCA,22414,RODRIGUEZ MONTANI MARTHA ELENA,,,24657,ULLOA LLERENA BEDER FELIPE,https://cam.ciplima.org.pe/wp-content/uploads/2025/08/Comisi%C3%B3n%20T%C3%A9cnica%20de%20-%20Habilitaciones%20Urbanas.pdf,
SEPTIEMBRE 2025 A AGOSTO 2026,HABILITACION URBANA,INGENIERIA CIVIL,Comisiones Técnicas Calificadoras de Proyectos de Habilitación Urbana - Delegados titulares y alternos,64,PACARAOS,1,1,FALSE,PACARAOS,69692,ACOSTA QUINECHE MIGUEL ANGEL,,,62895,LAZO MUÑOZ ELIZABETH LUZMILA,https://cam.ciplima.org.pe/wp-content/uploads/2025/08/Comisi%C3%B3n%20T%C3%A9cnica%20de%20-%20Habilitaciones%20Urbanas.pdf,
SEPTIEMBRE 2025 A AGOSTO 2026,HABILITACION URBANA,INGENIERIA CIVIL,Comisiones Técnicas Calificadoras de Proyectos de Habilitación Urbana - Delegados titulares y alternos,65,LAMPIAN,1,1,FALSE,LAMPIAN,59197,BABILONIA AREVALO OTTO,,,63986,MEJIA AZAÑERO JESSICA LUCILA,https://cam.ciplima.org.pe/wp-content/uploads/2025/08/Comisi%C3%B3n%20T%C3%A9cnica%20de%20-%20Habilitaciones%20Urbanas.pdf,
SEPTIEMBRE 2025 A AGOSTO 2026,HABILITACION URBANA,INGENIERIA CIVIL,Comisiones Técnicas Calificadoras de Proyectos de Habilitación Urbana - Delegados titulares y alternos,66,ATAVILLOS ALTO,1,1,FALSE,ATAVILLOS ALTO,24657,ULLOA LLERENA BEDER FELIPE,,,59197,BABILONIA AREVALO OTTO,https://cam.ciplima.org.pe/wp-content/uploads/2025/08/Comisi%C3%B3n%20T%C3%A9cnica%20de%20-%20Habilitaciones%20Urbanas.pdf,
SEPTIEMBRE 2025 A AGOSTO 2026,HABILITACION URBANA,INGENIERIA CIVIL,Comisiones Técnicas Calificadoras de Proyectos de Habilitación Urbana - Delegados titulares y alternos,67,ATAVILLOS BAJO,1,1,FALSE,ATAVILLOS BAJO,18356,LAZO MAYORCA LUIS ENRIQUE,,,24657,ULLOA LLERENA BEDER FELIPE,https://cam.ciplima.org.pe/wp-content/uploads/2025/08/Comisi%C3%B3n%20T%C3%A9cnica%20de%20-%20Habilitaciones%20Urbanas.pdf,
SEPTIEMBRE 2025 A AGOSTO 2026,HABILITACION URBANA,INGENIERIA CIVIL,Comisiones Técnicas Calificadoras de Proyectos de Habilitación Urbana - Delegados titulares y alternos,68,SAN MIGUEL DE ACOS,1,1,FALSE,SAN MIGUEL DE ACOS,82702,DIAZ SILVA CARLOS DAVID,,,22414,RODRIGUEZ MONTANI MARTHA ELENA,https://cam.ciplima.org.pe/wp-content/uploads/2025/08/Comisi%C3%B3n%20T%C3%A9cnica%20de%20-%20Habilitaciones%20Urbanas.pdf,
SEPTIEMBRE 2025 A AGOSTO 2026,HABILITACION URBANA,INGENIERIA CIVIL,Comisiones Técnicas Calificadoras de Proyectos de Habilitación Urbana - Delegados titulares y alternos,69,SANTA CRUZ DE ANDAMARCA,1,1,FALSE,SANTA CRUZ DE ANDAMARCA,118318,TARAZONA ESTRADA LUIS ALBERTO,,,82702,DIAZ SILVA CARLOS DAVID,https://cam.ciplima.org.pe/wp-content/uploads/2025/08/Comisi%C3%B3n%20T%C3%A9cnica%20de%20-%20Habilitaciones%20Urbanas.pdf,
SEPTIEMBRE 2025 A AGOSTO 2026,HABILITACION URBANA,INGENIERIA CIVIL,Comisiones Técnicas Calificadoras de Proyectos de Habilitación Urbana - Delegados titulares y alternos,70,AUCALLAMA,1,1,FALSE,AUCALLAMA,18356,LAZO MAYORCA LUIS ENRIQUE,,,63986,MEJIA AZAÑERO JESSICA LUCILA,https://cam.ciplima.org.pe/wp-content/uploads/2025/08/Comisi%C3%B3n%20T%C3%A9cnica%20de%20-%20Habilitaciones%20Urbanas.pdf,
SEPTIEMBRE 2025 A AGOSTO 2026,HABILITACION URBANA,INGENIERIA CIVIL,Comisiones Técnicas Calificadoras de Proyectos de Habilitación Urbana - Delegados titulares y alternos,71,27 DE NOVIEMBRE,1,1,FALSE,27 DE NOVIEMBRE,82702,DIAZ SILVA CARLOS DAVID,,,91616,LAZO MUÑOZ JULIO CESAR,https://cam.ciplima.org.pe/wp-content/uploads/2025/08/Comisi%C3%B3n%20T%C3%A9cnica%20de%20-%20Habilitaciones%20Urbanas.pdf,
SEPTIEMBRE 2025 A AGOSTO 2026,HABILITACION URBANA,INGENIERIA CIVIL,Comisiones Técnicas Calificadoras de Proyectos de Habilitación Urbana - Delegados titulares y alternos,72,PROVINCIAL DE HUAURA,1,1,FALSE,PROVINCIAL DE HUAURA,118318,TARAZONA ESTRADA LUIS ALBERTO,,,18356,LAZO MAYORCA LUIS ENRIQUE,https://cam.ciplima.org.pe/wp-content/uploads/2025/08/Comisi%C3%B3n%20T%C3%A9cnica%20de%20-%20Habilitaciones%20Urbanas.pdf,
SEPTIEMBRE 2025 A AGOSTO 2026,HABILITACION URBANA,INGENIERIA CIVIL,Comisiones Técnicas Calificadoras de Proyectos de Habilitación Urbana - Delegados titulares y alternos,73,CALETA DE CARQUIN,1,1,FALSE,CALETA DE CARQUIN,63986,MEJIA AZAÑERO JESSICA LUCILA,,,118318,TARAZONA ESTRADA LUIS ALBERTO,https://cam.ciplima.org.pe/wp-content/uploads/2025/08/Comisi%C3%B3n%20T%C3%A9cnica%20de%20-%20Habilitaciones%20Urbanas.pdf,
SEPTIEMBRE 2025 A AGOSTO 2026,HABILITACION URBANA,INGENIERIA CIVIL,Comisiones Técnicas Calificadoras de Proyectos de Habilitación Urbana - Delegados titulares y alternos,74,HUACHO,1,1,FALSE,HUACHO,18356,LAZO MAYORCA LUIS ENRIQUE,,,63986,MEJIA AZAÑERO JESSICA LUCILA,https://cam.ciplima.org.pe/wp-content/uploads/2025/08/Comisi%C3%B3n%20T%C3%A9cnica%20de%20-%20Habilitaciones%20Urbanas.pdf,
SEPTIEMBRE 2025 A AGOSTO 2026,HABILITACION URBANA,INGENIERIA CIVIL,Comisiones Técnicas Calificadoras de Proyectos de Habilitación Urbana - Delegados titulares y alternos,75,SAYAN,1,1,FALSE,SAYAN,62895,LAZO MUÑOZ ELIZABETH LUZMILA,,,82702,DIAZ SILVA CARLOS DAVID,https://cam.ciplima.org.pe/wp-content/uploads/2025/08/Comisi%C3%B3n%20T%C3%A9cnica%20de%20-%20Habilitaciones%20Urbanas.pdf,
SEPTIEMBRE 2025 A AGOSTO 2026,HABILITACION URBANA,INGENIERIA CIVIL,Comisiones Técnicas Calificadoras de Proyectos de Habilitación Urbana - Delegados titulares y alternos,76,VEGUETA,1,1,FALSE,VEGUETA,69692,ACOSTA QUINECHE MIGUEL ANGEL,,,118318,TARAZONA ESTRADA LUIS ALBERTO,https://cam.ciplima.org.pe/wp-content/uploads/2025/08/Comisi%C3%B3n%20T%C3%A9cnica%20de%20-%20Habilitaciones%20Urbanas.pdf,
SEPTIEMBRE 2025 A AGOSTO 2026,HABILITACION URBANA,INGENIERIA CIVIL,Comisiones Técnicas Calificadoras de Proyectos de Habilitación Urbana - Delegados titulares y alternos,77,AMBAR,1,1,FALSE,AMBAR,91616,LAZO MUÑOZ JULIO CESAR,,,163222,VARGAS MENDIVIL DIEGO ARTURO,https://cam.ciplima.org.pe/wp-content/uploads/2025/08/Comisi%C3%B3n%20T%C3%A9cnica%20de%20-%20Habilitaciones%20Urbanas.pdf,
SEPTIEMBRE 2025 A AGOSTO 2026,HABILITACION URBANA,INGENIERIA CIVIL,Comisiones Técnicas Calificadoras de Proyectos de Habilitación Urbana - Delegados titulares y alternos,78,CHECRAS,1,1,FALSE,CHECRAS,163222,VARGAS MENDIVIL DIEGO ARTURO,,,82702,DIAZ SILVA CARLOS DAVID,https://cam.ciplima.org.pe/wp-content/uploads/2025/08/Comisi%C3%B3n%20T%C3%A9cnica%20de%20-%20Habilitaciones%20Urbanas.pdf,
SEPTIEMBRE 2025 A AGOSTO 2026,HABILITACION URBANA,INGENIERIA CIVIL,Comisiones Técnicas Calificadoras de Proyectos de Habilitación Urbana - Delegados titulares y alternos,79,LEONCIO PRADO,1,1,FALSE,LEONCIO PRADO,59197,BABILONIA AREVALO OTTO,,,18356,LAZO MAYORCA LUIS ENRIQUE,https://cam.ciplima.org.pe/wp-content/uploads/2025/08/Comisi%C3%B3n%20T%C3%A9cnica%20de%20-%20Habilitaciones%20Urbanas.pdf,
SEPTIEMBRE 2025 A AGOSTO 2026,HABILITACION URBANA,INGENIERIA CIVIL,Comisiones Técnicas Calificadoras de Proyectos de Habilitación Urbana - Delegados titulares y alternos,80,SANTA LEONOR,1,1,FALSE,SANTA LEONOR,63986,MEJIA AZAÑERO JESSICA LUCILA,,,163222,VARGAS MENDIVIL DIEGO ARTURO,https://cam.ciplima.org.pe/wp-content/uploads/2025/08/Comisi%C3%B3n%20T%C3%A9cnica%20de%20-%20Habilitaciones%20Urbanas.pdf,
SEPTIEMBRE 2025 A AGOSTO 2026,HABILITACION URBANA,INGENIERIA CIVIL,Comisiones Técnicas Calificadoras de Proyectos de Habilitación Urbana - Delegados titulares y alternos,81,PACCHO,1,1,FALSE,PACCHO,163222,VARGAS MENDIVIL DIEGO ARTURO,,,59197,BABILONIA AREVALO OTTO,https://cam.ciplima.org.pe/wp-content/uploads/2025/08/Comisi%C3%B3n%20T%C3%A9cnica%20de%20-%20Habilitaciones%20Urbanas.pdf,
SEPTIEMBRE 2025 A AGOSTO 2026,HABILITACION URBANA,INGENIERIA CIVIL,Comisiones Técnicas Calificadoras de Proyectos de Habilitación Urbana - Delegados titulares y alternos,82,HUALMAY,1,1,FALSE,HUALMAY,118318,TARAZONA ESTRADA LUIS ALBERTO,,,69692,ACOSTA QUINECHE MIGUEL ANGEL,https://cam.ciplima.org.pe/wp-content/uploads/2025/08/Comisi%C3%B3n%20T%C3%A9cnica%20de%20-%20Habilitaciones%20Urbanas.pdf,
SEPTIEMBRE 2025 A AGOSTO 2026,HABILITACION URBANA,INGENIERIA CIVIL,Comisiones Técnicas Calificadoras de Proyectos de Habilitación Urbana - Delegados titulares y alternos,83,SANTA MARIA,1,1,FALSE,SANTA MARIA,63986,MEJIA AZAÑERO JESSICA LUCILA,,,59197,BABILONIA AREVALO OTTO,https://cam.ciplima.org.pe/wp-content/uploads/2025/08/Comisi%C3%B3n%20T%C3%A9cnica%20de%20-%20Habilitaciones%20Urbanas.pdf,
SEPTIEMBRE 2025 A AGOSTO 2026,HABILITACION URBANA,INGENIERIA CIVIL,Comisiones Técnicas Calificadoras de Proyectos de Habilitación Urbana - Delegados titulares y alternos,84,PROVINCIAL DE BARRANCA,1,1,FALSE,PROVINCIAL DE BARRANCA,118318,TARAZONA ESTRADA LUIS ALBERTO,,,63986,MEJIA AZAÑERO JESSICA LUCILA,https://cam.ciplima.org.pe/wp-content/uploads/2025/08/Comisi%C3%B3n%20T%C3%A9cnica%20de%20-%20Habilitaciones%20Urbanas.pdf,
SEPTIEMBRE 2025 A AGOSTO 2026,HABILITACION URBANA,INGENIERIA CIVIL,Comisiones Técnicas Calificadoras de Proyectos de Habilitación Urbana - Delegados titulares y alternos,85,SUPE,1,1,FALSE,SUPE,59197,BABILONIA AREVALO OTTO,,,63986,MEJIA AZAÑERO JESSICA LUCILA,https://cam.ciplima.org.pe/wp-content/uploads/2025/08/Comisi%C3%B3n%20T%C3%A9cnica%20de%20-%20Habilitaciones%20Urbanas.pdf,
SEPTIEMBRE 2025 A AGOSTO 2026,HABILITACION URBANA,INGENIERIA CIVIL,Comisiones Técnicas Calificadoras de Proyectos de Habilitación Urbana - Delegados titulares y alternos,86,SUPE PUERTO,1,1,FALSE,SUPE PUERTO,91616,LAZO MUÑOZ JULIO CESAR,,,59197,BABILONIA AREVALO OTTO,https://cam.ciplima.org.pe/wp-content/uploads/2025/08/Comisi%C3%B3n%20T%C3%A9cnica%20de%20-%20Habilitaciones%20Urbanas.pdf,
SEPTIEMBRE 2025 A AGOSTO 2026,HABILITACION URBANA,INGENIERIA CIVIL,Comisiones Técnicas Calificadoras de Proyectos de Habilitación Urbana - Delegados titulares y alternos,87,PARAMONGA,1,1,FALSE,PARAMONGA,18356,LAZO MAYORCA LUIS ENRIQUE,,,62895,LAZO MUÑOZ ELIZABETH LUZMILA,https://cam.ciplima.org.pe/wp-content/uploads/2025/08/Comisi%C3%B3n%20T%C3%A9cnica%20de%20-%20Habilitaciones%20Urbanas.pdf,
SEPTIEMBRE 2025 A AGOSTO 2026,HABILITACION URBANA,INGENIERIA CIVIL,Comisiones Técnicas Calificadoras de Proyectos de Habilitación Urbana - Delegados titulares y alternos,88,PATIVILCA,1,1,FALSE,PATIVILCA,118318,TARAZONA ESTRADA LUIS ALBERTO,,,18356,LAZO MAYORCA LUIS ENRIQUE,https://cam.ciplima.org.pe/wp-content/uploads/2025/08/Comisi%C3%B3n%20T%C3%A9cnica%20de%20-%20Habilitaciones%20Urbanas.pdf,
SEPTIEMBRE 2025 A AGOSTO 2026,HABILITACION URBANA,INGENIERIA CIVIL,Comisiones Técnicas Calificadoras de Proyectos de Habilitación Urbana - Delegados titulares y alternos,89,PROVINCIA DE HUAROCHIRI,1,1,FALSE,PROVINCIA DE HUAROCHIRI,118318,TARAZONA ESTRADA LUIS ALBERTO,,,62895,LAZO MUÑOZ ELIZABETH LUZMILA,https://cam.ciplima.org.pe/wp-content/uploads/2025/08/Comisi%C3%B3n%20T%C3%A9cnica%20de%20-%20Habilitaciones%20Urbanas.pdf,
SEPTIEMBRE 2025 A AGOSTO 2026,HABILITACION URBANA,INGENIERIA CIVIL,Comisiones Técnicas Calificadoras de Proyectos de Habilitación Urbana - Delegados titulares y alternos,90,SAN ANTONIO DE HUAROCHIRI,1,1,FALSE,SAN ANTONIO DE HUAROCHIRI,18356,LAZO MAYORCA LUIS ENRIQUE,,,91616,LAZO MUÑOZ JULIO CESAR,https://cam.ciplima.org.pe/wp-content/uploads/2025/08/Comisi%C3%B3n%20T%C3%A9cnica%20de%20-%20Habilitaciones%20Urbanas.pdf,
SEPTIEMBRE 2025 A AGOSTO 2026,HABILITACION URBANA,INGENIERIA CIVIL,Comisiones Técnicas Calificadoras de Proyectos de Habilitación Urbana - Delegados titulares y alternos,91,PROVINCIA CANTA,1,1,FALSE,PROVINCIA CANTA,62895,LAZO MUÑOZ ELIZABETH LUZMILA,,,18356,LAZO MAYORCA LUIS ENRIQUE,https://cam.ciplima.org.pe/wp-content/uploads/2025/08/Comisi%C3%B3n%20T%C3%A9cnica%20de%20-%20Habilitaciones%20Urbanas.pdf,
